,Train Index,Test Index,Confusion Matrix,Accuracy,Error,Recall,Precision,MCC,F1,Kappa,ROC AUC
0,"[ 10  11  12  13  14  15  16  17  18  19  20  21  22  23  24  25  26  27
  28  29  30  31  32  33  34  35  36  37  38  39  40  41  42  43  44  45
  46  47  48  49  60  61  62  63  64  65  66  67  68  69  70  71  72  73
  74  75  76  77  78  79  80  81  82  83  84  85  86  87  88  89  90  91
  92  93  94  95  96  97  98  99 110 111 112 113 114 115 116 117 118 119
 120 121 122 123 124 125 126 127 128 129 130 131 132 133 134 135 136 137
 138 139 140 141 142 143 144 145 146 147 148 149]","[  0   1   2   3   4   5   6   7   8   9  50  51  52  53  54  55  56  57
  58  59 100 101 102 103 104 105 106 107 108 109]","[[10  0  0]
 [ 0 10  0]
 [ 0  1  9]]",0.9666666667,0.0333333333,0.9666666667,0.9696969697,0.9515873027,0.9665831245,0.9500000000,0.9966666667
1,"[  0   1   2   3   4   5   6   7   8   9  20  21  22  23  24  25  26  27
  28  29  30  31  32  33  34  35  36  37  38  39  40  41  42  43  44  45
  46  47  48  49  50  51  52  53  54  55  56  57  58  59  70  71  72  73
  74  75  76  77  78  79  80  81  82  83  84  85  86  87  88  89  90  91
  92  93  94  95  96  97  98  99 100 101 102 103 104 105 106 107 108 109
 120 121 122 123 124 125 126 127 128 129 130 131 132 133 134 135 136 137
 138 139 140 141 142 143 144 145 146 147 148 149]","[ 10  11  12  13  14  15  16  17  18  19  60  61  62  63  64  65  66  67
  68  69 110 111 112 113 114 115 116 117 118 119]","[[10  0  0]
 [ 0 10  0]
 [ 0  1  9]]",0.9666666667,0.0333333333,0.9666666667,0.9696969697,0.9515873027,0.9665831245,0.9500000000,1.0000000000
2,"[  0   1   2   3   4   5   6   7   8   9  10  11  12  13  14  15  16  17
  18  19  30  31  32  33  34  35  36  37  38  39  40  41  42  43  44  45
  46  47  48  49  50  51  52  53  54  55  56  57  58  59  60  61  62  63
  64  65  66  67  68  69  80  81  82  83  84  85  86  87  88  89  90  91
  92  93  94  95  96  97  98  99 100 101 102 103 104 105 106 107 108 109
 110 111 112 113 114 115 116 117 118 119 130 131 132 133 134 135 136 137
 138 139 140 141 142 143 144 145 146 147 148 149]","[ 20  21  22  23  24  25  26  27  28  29  70  71  72  73  74  75  76  77
  78  79 120 121 122 123 124 125 126 127 128 129]","[[10  0  0]
 [ 0  8  2]
 [ 0  0 10]]",0.9333333333,0.0666666667,0.9333333333,0.9444444444,0.9060606745,0.9326599327,0.9000000000,0.9700000000
3,"[  0   1   2   3   4   5   6   7   8   9  10  11  12  13  14  15  16  17
  18  19  20  21  22  23  24  25  26  27  28  29  40  41  42  43  44  45
  46  47  48  49  50  51  52  53  54  55  56  57  58  59  60  61  62  63
  64  65  66  67  68  69  70  71  72  73  74  75  76  77  78  79  90  91
  92  93  94  95  96  97  98  99 100 101 102 103 104 105 106 107 108 109
 110 111 112 113 114 115 116 117 118 119 120 121 122 123 124 125 126 127
 128 129 140 141 142 143 144 145 146 147 148 149]","[ 30  31  32  33  34  35  36  37  38  39  80  81  82  83  84  85  86  87
  88  89 130 131 132 133 134 135 136 137 138 139]","[[10  0  0]
 [ 0  9  1]
 [ 0  0 10]]",0.9666666667,0.0333333333,0.9666666667,0.9696969697,0.9515873027,0.9665831245,0.9500000000,0.9916666667
4,"[  0   1   2   3   4   5   6   7   8   9  10  11  12  13  14  15  16  17
  18  19  20  21  22  23  24  25  26  27  28  29  30  31  32  33  34  35
  36  37  38  39  50  51  52  53  54  55  56  57  58  59  60  61  62  63
  64  65  66  67  68  69  70  71  72  73  74  75  76  77  78  79  80  81
  82  83  84  85  86  87  88  89 100 101 102 103 104 105 106 107 108 109
 110 111 112 113 114 115 116 117 118 119 120 121 122 123 124 125 126 127
 128 129 130 131 132 133 134 135 136 137 138 139]","[ 40  41  42  43  44  45  46  47  48  49  90  91  92  93  94  95  96  97
  98  99 140 141 142 143 144 145 146 147 148 149]","[[10  0  0]
 [ 0 10  0]
 [ 0  0 10]]",1.0000000000,0.0000000000,1.0000000000,1.0000000000,1.0000000000,1.0000000000,1.0000000000,1.0000000000
